intent,user_input,entity_name,entity_value,action,bot_reply
greet,hi,,,utter_greet,Hey! How are you? What can I help you with?
mood_great,i am fine,,,utter_happy,Great, carry on!
greet,hi,,,utter_greet,Hey! How are you? What can I help you with?
mood_unhappy,i am sad,,,utter_cheer_up,Here is something to cheer you up:
utter_did_that_help,Did that help you?
affirm,yes,,,utter_happy,Great, carry on!
greet,hi,,,utter_greet,Hey! How are you? What can I help you with?
mood_great,i am sod,,,utter_happy,Great, carry on!
greet,hi,,,utter_greet,Hey! How are you? What can I help you with?
mood_unhappy,i am sad,,,utter_cheer_up,Here is something to cheer you up:
utter_did_that_help,Did that help you?
affirm,yes,,,utter_happy,Great, carry on!
greet,hi,,,utter_greet,Hey! How are you? What can I help you with?
mood_unhappy,i am sad,,,utter_cheer_up,Here is something to cheer you up:
utter_did_that_help,Did that help you?
affirm,yes,,,utter_happy,Great, carry on!
greet,hi,,,utter_greet,Hey! How are you? What can I help you with?
mood_unhappy,I am sad,,,utter_cheer_up,Here is something to cheer you up:
utter_did_that_help,Did that help you?
affirm,yes,,,utter_happy,Great, carry on!
greet,hi,,,utter_greet,Hey! How are you? What can I help you with?
mood_great,i am fine,,,utter_happy,Great, carry on!
greet,hi,,,utter_greet,Hey! How are you? What can I help you with?
mood_unhappy,i am sad,,,utter_cheer_up,Here is something to cheer you up:
utter_did_that_help,Did that help you?
affirm,yes,,,utter_happy,Great, carry on!
greet,hi,,,utter_greet,Hey! How are you? What can I help you with?
mood_great,i am sod,,,utter_happy,Great, carry on!
greet,hi,,,utter_greet,Hey! How are you? What can I help you with?
mood_unhappy,i am sad,,,utter_cheer_up,Here is something to cheer you up:
utter_did_that_help,Did that help you?
affirm,yes,,,utter_happy,Great, carry on!
greet,hi,,,utter_greet,Hey! How are you? What can I help you with?
mood_unhappy,i am sad,,,utter_cheer_up,Here is something to cheer you up:
utter_did_that_help,Did that help you?
affirm,yes,,,utter_happy,Great, carry on!
greet,hi,,,utter_greet,Hey! How are you? What can I help you with?
mood_unhappy,I am sad,,,utter_cheer_up,Here is something to cheer you up:
utter_did_that_help,Did that help you?
affirm,yes,,,utter_happy,Great, carry on!
greet,hi,,,utter_greet,Hey! How are you? What can I help you with?
mood_unhappy,I am sad,,,utter_cheer_up,Here is something to cheer you up:
utter_did_that_help,Did that help you?
affirm,yes,,,utter_happy,Great, carry on!
greet,hi,,,utter_greet,Hey! How are you? What can I help you with?
mood_unhappy,I am sad,,,utter_cheer_up,Here is something to cheer you up:
utter_did_that_help,Did that help you?
affirm,yes,,,utter_happy,Great, carry on!
greet,hi,,,utter_greet,Hey! How are you? What can I help you with?
mood_unhappy,I am sad,,,utter_cheer_up,Here is something to cheer you up:
utter_did_that_help,Did that help you?
affirm,yes,,,utter_happy,Great, carry on!
greet,hi,,,utter_greet,Hey! How are you? What can I help you with?
mood_unhappy,I am sad,,,utter_cheer_up,Here is something to cheer you up:
utter_did_that_help,Did that help you?
affirm,yes,,,utter_happy,Great, carry on!
greet,hi,,,utter_greet,Hey! How are you? What can I help you with?
mood_unhappy,I am sad,,,utter_cheer_up,Here is something to cheer you up:
utter_did_that_help,Did that help you?
affirm,yes,,,utter_happy,Great, carry on!
greet,hi,,,utter_greet,Hey! How are you? What can I help you with?
mood_unhappy,I am sad,,,utter_cheer_up,Here is something to cheer you up:
utter_did_that_help,Did that help you?
affirm,yes,,,utter_happy,Great, carry on!
greet,hi,,,utter_greet,Hey! How are you? What can I help you with?
mood_unhappy,I am sad,,,utter_cheer_up,Here is something to cheer you up:
utter_did_that_help,Did that help you?
affirm,yes,,,utter_happy,Great, carry on!
greet,hi,,,utter_greet,Hey! How are you? What can I help you with?
mood_unhappy,i am sad,,,utter_cheer_up,Here is something to cheer you up:
utter_did_that_help,Did that help you?
affirm,yes,,,utter_happy,Great, carry on!
greet,hi,,,utter_greet,Hey! How are you? What can I help you with?
mood_unhappy,I am sad,,,utter_cheer_up,Here is something to cheer you up:
utter_did_that_help,Did that help you?
affirm,yes,,,utter_happy,Great, carry on!
greet,hi,,,utter_greet,Hey! How are you? What can I help you with?
mood_unhappy,I am sad,,,utter_cheer_up,Here is something to cheer you up:
utter_did_that_help,Did that help you?
affirm,yes,,,utter_happy,Great, carry on!
greet,hi,,,utter_greet,Hey! How are you? What can I help you with?
mood_unhappy,I am sad,,,utter_cheer_up,Here is something to cheer you up:
utter_did_that_help,Did that help you?
affirm,yes,,,utter_happy,Great, carry on!
greet,hi,,,utter_greet,Hey! How are you? What can I help you with?
mood_unhappy,i am sad,,,utter_cheer_up,Here is something to cheer you up:
utter_did_that_help,Did that help you?
affirm,yes,,,utter_happy,Great, carry on!
greet,hi,,,utter_greet,Hey! How are you? What can I help you with?
mood_unhappy,I am sad,,,utter_cheer_up,Here is something to cheer you up:
utter_did_that_help,Did that help you?
affirm,yes,,,utter_happy,Great, carry on!
greet,hi,,,utter_greet,Hey! How are you? What can I help you with?
mood_unhappy,I am sad,,,utter_cheer_up,Here is something to cheer you up:
utter_did_that_help,Did that help you?
affirm,yes,,,utter_happy,Great, carry on!
greet,hi,,,utter_greet,Hey! How are you? What can I help you with?
mood_unhappy,I am sad,,,utter_cheer_up,Here is something to cheer you up:
utter_did_that_help,Did that help you?
affirm,yes,,,utter_happy,Great, carry on!
greet,hi,,,utter_greet,Hey! How are you? What can I help you with?
mood_unhappy,I am sad,,,utter_cheer_up,Here is something to cheer you up:
utter_did_that_help,Did that help you?
affirm,yes,,,utter_happy,Great, carry on!
greet,hi,,,utter_greet,Hey! How are you? What can I help you with?
mood_unhappy,i am sad,,,utter_cheer_up,Here is something to cheer you up:
utter_did_that_help,Did that help you?
affirm,yes,,,utter_happy,Great, carry on!
greet,hi,,,utter_greet,Hey! How are you? What can I help you with?
mood_unhappy,I am sad,,,utter_cheer_up,Here is something to cheer you up:
utter_did_that_help,Did that help you?
affirm,yes,,,utter_happy,Great, carry on!
request_names,shopping cart,,,utter_ask_first_name,What is your Email address?
nlu_fallback,josphatkips@gmail.com,,,utter_ask_last_name,Your email is josphatkips@gmail.com, what is your First name?
deny,Josphat,,,utter_submit,Processing....
greet,hi,,,utter_greet,Hey! How are you? What can I help you with?
mood_unhappy,I am sad,,,utter_cheer_up,Here is something to cheer you up:
utter_did_that_help,Did that help you?
affirm,yes,,,utter_happy,Great, carry on!
greet,hi,,,utter_greet,Hey! How are you? What can I help you with?
mood_unhappy,I am sad,,,utter_cheer_up,Here is something to cheer you up:
utter_did_that_help,Did that help you?
affirm,yes,,,utter_happy,Great, carry on!
greet,hi,,,utter_greet,Hey! How are you? What can I help you with?
mood_unhappy,I am sad,,,utter_cheer_up,Here is something to cheer you up:
utter_did_that_help,Did that help you?
affirm,yes,,,utter_happy,Great, carry on!
greet,hi,,,utter_greet,Hey! How are you? What can I help you with?
mood_unhappy,i am sad,,,utter_cheer_up,Here is something to cheer you up:
utter_did_that_help,Did that help you?
affirm,yes,,,utter_happy,Great, carry on!
greet,hi,,,utter_greet,Hey! How are you? What can I help you with?
mood_unhappy,I am sad,,,utter_cheer_up,Here is something to cheer you up:
utter_did_that_help,Did that help you?
affirm,yes,,,utter_happy,Great, carry on!
request_names,shopping cart,,,utter_ask_first_name,What is your Email address?
nlu_fallback,josphatkips@gmail.com,,,utter_ask_last_name,Your email is josphatkips@gmail.com, what is your First name?
deny,Josphat,,,utter_submit,Processing....
request_names,shopping cart,,,utter_submit,Processing....
greet,hi,,,utter_greet,Hey! How are you? What can I help you with?
mood_unhappy,sad,,,utter_cheer_up,Here is something to cheer you up:
utter_did_that_help,Did that help you?
affirm,yes,,,utter_happy,Great, carry on!
greet,hi,,,utter_greet,Hey! How are you? What can I help you with?
mood_unhappy,sad,,,utter_cheer_up,Here is something to cheer you up:
utter_did_that_help,Did that help you?
affirm,yes,,,utter_happy,Great, carry on!
greet,hi,,,utter_greet,Hey! How are you? What can I help you with?
affirm,yes,,,utter_happy,Great, carry on!
greet,hi,,,utter_greet,Hey! How are you? What can I help you with?
mood_unhappy,sad,,,utter_cheer_up,Here is something to cheer you up:
utter_did_that_help,Did that help you?
affirm,yes,,,utter_happy,Great, carry on!
greet,hi,,,utter_greet,Hey! How are you? What can I help you with?
mood_unhappy,sad,,,utter_cheer_up,Here is something to cheer you up:
utter_did_that_help,Did that help you?
affirm,yes,,,utter_happy,Great, carry on!
get_started,get strted,,,utter_get_started,What can I help you with
request_names,/request_names,,,utter_ask_first_name,What is your Email address?
nlu_fallback,josphatkips,,,utter_ask_first_name,What is your Email address?
nlu_fallback,josphatkips@gmail.com,,,utter_ask_last_name,Your email is josphatkips@gmail.com, what is your First name?
deny,josphat,,,utter_submit,Processing....
get_started,get started,,,utter_get_started,What can I help you with
request_names,/request_names,,,utter_submit,Processing....
get_started,get started,,,utter_get_started,What can I help you with
request_names,/request_names,,,utter_submit,Processing....
get_started,get started,,,utter_get_started,What can I help you with
request_names,/request_names,,,utter_submit,Processing....
get_started,get started,,,utter_get_started,What can I help you with
request_names,/request_names,,,utter_submit,Processing....
request_names,get checkout link,,,utter_submit,Processing....
get_started,get started,,,utter_get_started,What can I help you with
request_names,/request_names,,,utter_submit,Processing....
get_started,get started,,,utter_get_started,What can I help you with
request_names,/request_names,,,utter_submit,Processing....
get_started,get started,,,utter_get_started,What can I help you with
request_names,/request_names,,,utter_submit,Processing....
get_started,get started,,,utter_get_started,What can I help you with
request_names,/request_names,,,utter_submit,Processing....
greet,hi,,,utter_greet,Hey! How are you? What can I help you with?
mood_unhappy,sad,,,utter_cheer_up,Here is something to cheer you up:
utter_did_that_help,Did that help you?
affirm,yes,,,utter_happy,Great, carry on!
request_names,checkout link,,,utter_submit,Processing....
request_names,checkout link,,,utter_submit,Processing....
request_names,checkout link,,,utter_submit,Processing....
greet,hi,,,utter_greet,Hey! How are you? What can I help you with?
mood_unhappy,sad,,,utter_cheer_up,Here is something to cheer you up:
utter_did_that_help,Did that help you?
affirm,yes,,,utter_happy,Great, carry on!
greet,hi,,,utter_greet,Hey! How are you? What can I help you with?
mood_unhappy,sad,,,utter_cheer_up,Here is something to cheer you up:
utter_did_that_help,Did that help you?
affirm,yes,,,utter_happy,Great, carry on!
greet,hi,,,utter_greet,Hey! How are you? What can I help you with?
mood_unhappy,sad,,,utter_cheer_up,Here is something to cheer you up:
utter_did_that_help,Did that help you?
affirm,yes,,,utter_happy,Great, carry on!
greet,hi,,,utter_greet,Hey! How are you? What can I help you with?
mood_unhappy,sad,,,utter_cheer_up,Here is something to cheer you up:
utter_did_that_help,Did that help you?
affirm,yes,,,utter_happy,Great, carry on!
greet,hi,,,utter_greet,Hey! How are you? What can I help you with?
mood_unhappy,sad,,,utter_cheer_up,Here is something to cheer you up:
utter_did_that_help,Did that help you?
affirm,yes,,,utter_happy,Great, carry on!
request_names,checkout link,,,utter_submit,Processing....
request_names,checkout link,,,utter_submit,Processing....
get_started,get started,,,utter_get_started,What can I help you with
by_product,/by_product,,,utter_ask_product,What do you want to buy
by_product,laptop,product,laptop,utter_buy,Thanks for purchasing
greet,hi,,,utter_greet,Hey! How are you? What can I help you with?
get_started,get started,,,utter_get_started,What can I help you with
by_product,/by_product,,,utter_ask_product,What do you want to buy
by_product,laptop,product,laptop,utter_buy,Thanks for purchasing
greet,hi,,,utter_greet,Hey! How are you? What can I help you with?
get_started,get started,,,utter_get_started,What can I help you with
by_product,/by_product,,,utter_ask_product,What do you want to buy
by_product,laptop,product,laptop,utter_buy,Thanks for purchasing
by_product,order laptop,product,laptop,utter_buy,Thanks for purchasing
greet,hi,,,utter_greet,Hey! How are you? What can I help you with?
get_started,get started,,,utter_get_started,What can I help you with
by_product,/by_product,,,utter_ask_product,What do you want to buy
by_product,laptop,product,laptop,utter_buy,Thanks for purchasing
by_product,order laptop,product,laptop,utter_buy,Thanks for purchasing
by_product,buy laptop,product,laptop,utter_buy,Thanks for purchasing
greet,hi,,,utter_greet,Hey! How are you? What can I help you with?
get_started,get started,,,utter_get_started,What can I help you with
by_product,/by_product,,,utter_ask_product,What do you want to buy
by_product,laptop,product,laptop,utter_buy,Thanks for purchasing
by_product,order laptop,product,laptop,utter_buy,Thanks for purchasing
by_product,buy laptop,product,laptop,utter_buy,Thanks for purchasing
get_started,get started,,,utter_get_started,What can I help you with
request_names,/request_names,,,utter_ask_first_name,What is your Email address?
affirm,jj@h.com,,,utter_ask_last_name,Your email is jj@h.com, what is your First name?
deny,n,,,utter_submit,Processing....
